,sub,block,trial,targetcolor,targetparity,response_parity,response_color,acc_parity,acc_color,condition
0,21,1,1,4,2,2,,1,,pre-surprise
1,21,1,2,2,1,1,,1,,pre-surprise
2,21,1,3,2,2,2,,1,,pre-surprise
3,21,1,4,4,1,1,,1,,pre-surprise
4,21,1,5,4,2,2,,1,,pre-surprise
5,21,1,6,4,1,1,,1,,pre-surprise
6,21,1,7,3,2,2,,1,,pre-surprise
7,21,1,8,1,1,1,,1,,pre-surprise
8,21,1,9,2,2,2,,1,,pre-surprise
9,21,1,10,4,2,1,,0,,pre-surprise
10,21,1,11,1,2,2,,1,,pre-surprise
11,21,1,12,3,1,1,,1,,pre-surprise
12,21,1,13,1,2,2,,1,,pre-surprise
13,21,1,14,2,1,1,,1,,pre-surprise
14,21,1,15,1,1,1,,1,,pre-surprise
15,21,1,16,1,1,1,,1,,pre-surprise
16,21,1,17,3,2,2,,1,,pre-surprise
17,21,1,18,2,2,2,,1,,pre-surprise
18,21,1,19,2,1,1,,1,,pre-surprise
19,21,1,20,1,2,2,,1,,pre-surprise
20,21,1,21,4,2,2,,1,,pre-surprise
21,21,1,22,1,1,1,,1,,pre-surprise
22,21,1,23,3,1,1,,1,,pre-surprise
23,21,1,24,3,1,1,,1,,pre-surprise
24,21,1,25,3,2,2,,1,,pre-surprise
25,21,1,26,4,1,1,,1,,pre-surprise
26,21,1,27,1,2,2,,1,,pre-surprise
27,21,1,28,2,1,1,1.0,1,0.0,surprise
28,21,1,29,4,1,1,4.0,1,1.0,control
29,21,1,30,3,2,2,3.0,1,1.0,control
30,21,1,31,3,1,1,3.0,1,1.0,control
31,21,1,32,2,2,2,2.0,1,1.0,control
32,22,1,1,4,2,2,,1,,pre-surprise
33,22,1,2,1,1,1,,1,,pre-surprise
34,22,1,3,2,2,2,,1,,pre-surprise
35,22,1,4,3,2,1,,0,,pre-surprise
36,22,1,5,3,2,2,,1,,pre-surprise
37,22,1,6,2,1,1,,1,,pre-surprise
38,22,1,7,4,2,2,,1,,pre-surprise
39,22,1,8,4,1,1,,1,,pre-surprise
40,22,1,9,2,1,1,,1,,pre-surprise
41,22,1,10,3,1,1,,1,,pre-surprise
42,22,1,11,1,1,1,,1,,pre-surprise
43,22,1,12,3,1,2,,0,,pre-surprise
44,22,1,13,2,2,2,,1,,pre-surprise
45,22,1,14,4,2,2,,1,,pre-surprise
46,22,1,15,3,1,1,,1,,pre-surprise
47,22,1,16,2,2,2,,1,,pre-surprise
48,22,1,17,2,2,2,,1,,pre-surprise
49,22,1,18,3,2,2,,1,,pre-surprise
50,22,1,19,1,2,2,,1,,pre-surprise
51,22,1,20,1,1,1,,1,,pre-surprise
52,22,1,21,4,2,2,,1,,pre-surprise
53,22,1,22,2,1,1,,1,,pre-surprise
54,22,1,23,3,1,1,,1,,pre-surprise
55,22,1,24,3,2,2,,1,,pre-surprise
56,22,1,25,1,1,1,,1,,pre-surprise
57,22,1,26,1,2,2,,1,,pre-surprise
58,22,1,27,4,1,1,,1,,pre-surprise
59,22,1,28,2,1,1,2.0,1,1.0,surprise
60,22,1,29,1,2,2,1.0,1,1.0,control
61,22,1,30,4,1,1,4.0,1,1.0,control
62,22,1,31,4,1,1,4.0,1,1.0,control
63,22,1,32,1,2,2,1.0,1,1.0,control
64,23,1,1,1,2,2,,1,,pre-surprise
65,23,1,2,2,1,1,,1,,pre-surprise
66,23,1,3,4,2,2,,1,,pre-surprise
67,23,1,4,1,2,2,,1,,pre-surprise
68,23,1,5,2,1,1,,1,,pre-surprise
69,23,1,6,2,1,1,,1,,pre-surprise
70,23,1,7,2,2,2,,1,,pre-surprise
71,23,1,8,4,1,1,,1,,pre-surprise
72,23,1,9,2,2,2,,1,,pre-surprise
73,23,1,10,2,2,2,,1,,pre-surprise
74,23,1,11,4,2,2,,1,,pre-surprise
75,23,1,12,4,1,1,,1,,pre-surprise
76,23,1,13,3,1,1,,1,,pre-surprise
77,23,1,14,3,2,2,,1,,pre-surprise
78,23,1,15,3,1,1,,1,,pre-surprise
79,23,1,16,4,2,2,,1,,pre-surprise
80,23,1,17,3,2,2,,1,,pre-surprise
81,23,1,18,4,1,1,,1,,pre-surprise
82,23,1,19,1,2,2,,1,,pre-surprise
83,23,1,20,1,2,2,,1,,pre-surprise
84,23,1,21,2,1,1,,1,,pre-surprise
85,23,1,22,3,1,1,,1,,pre-surprise
86,23,1,23,3,1,1,,1,,pre-surprise
87,23,1,24,3,2,2,,1,,pre-surprise
88,23,1,25,1,1,1,,1,,pre-surprise
89,23,1,26,2,2,2,,1,,pre-surprise
90,23,1,27,3,2,2,,1,,pre-surprise
91,23,1,28,1,1,1,2.0,1,0.0,surprise
92,23,1,29,1,1,1,1.0,1,1.0,control
93,23,1,30,4,2,2,4.0,1,1.0,control
94,23,1,31,4,1,1,4.0,1,1.0,control
95,23,1,32,1,1,1,1.0,1,1.0,control
96,24,1,1,1,2,2,,1,,pre-surprise
97,24,1,2,2,1,2,,0,,pre-surprise
98,24,1,3,3,2,2,,1,,pre-surprise
99,24,1,4,4,1,1,,1,,pre-surprise
100,24,1,5,4,1,1,,1,,pre-surprise
101,24,1,6,1,2,2,,1,,pre-surprise
102,24,1,7,3,2,2,,1,,pre-surprise
103,24,1,8,1,1,1,,1,,pre-surprise
104,24,1,9,3,1,1,,1,,pre-surprise
105,24,1,10,2,2,2,,1,,pre-surprise
106,24,1,11,2,1,1,,1,,pre-surprise
107,24,1,12,1,1,1,,1,,pre-surprise
108,24,1,13,1,2,2,,1,,pre-surprise
109,24,1,14,1,2,2,,1,,pre-surprise
110,24,1,15,4,2,2,,1,,pre-surprise
111,24,1,16,4,2,2,,1,,pre-surprise
112,24,1,17,2,2,2,,1,,pre-surprise
113,24,1,18,4,2,2,,1,,pre-surprise
114,24,1,19,3,1,1,,1,,pre-surprise
115,24,1,20,3,2,2,,1,,pre-surprise
116,24,1,21,2,1,1,,1,,pre-surprise
117,24,1,22,2,2,2,,1,,pre-surprise
118,24,1,23,3,1,1,,1,,pre-surprise
119,24,1,24,3,1,1,,1,,pre-surprise
120,24,1,25,3,2,2,,1,,pre-surprise
121,24,1,26,2,2,2,,1,,pre-surprise
122,24,1,27,4,1,1,,1,,pre-surprise
123,24,1,28,4,1,1,3.0,1,0.0,surprise
124,24,1,29,4,2,2,2.0,1,0.0,control
125,24,1,30,1,1,1,1.0,1,1.0,control
126,24,1,31,2,1,1,2.0,1,1.0,control
127,24,1,32,1,1,1,1.0,1,1.0,control
128,25,1,1,3,1,1,,1,,pre-surprise
129,25,1,2,1,2,2,,1,,pre-surprise
130,25,1,3,4,2,2,,1,,pre-surprise
131,25,1,4,2,1,1,,1,,pre-surprise
132,25,1,5,1,1,1,,1,,pre-surprise
133,25,1,6,3,2,2,,1,,pre-surprise
134,25,1,7,3,1,1,,1,,pre-surprise
135,25,1,8,2,1,1,,1,,pre-surprise
136,25,1,9,1,2,2,,1,,pre-surprise
137,25,1,10,3,1,1,,1,,pre-surprise
138,25,1,11,3,2,2,,1,,pre-surprise
139,25,1,12,4,1,1,,1,,pre-surprise
140,25,1,13,2,2,2,,1,,pre-surprise
141,25,1,14,2,2,2,,1,,pre-surprise
142,25,1,15,4,2,2,,1,,pre-surprise
143,25,1,16,3,2,2,,1,,pre-surprise
144,25,1,17,2,1,1,,1,,pre-surprise
145,25,1,18,2,2,2,,1,,pre-surprise
146,25,1,19,4,2,2,,1,,pre-surprise
147,25,1,20,4,2,2,,1,,pre-surprise
148,25,1,21,1,1,1,,1,,pre-surprise
149,25,1,22,3,2,2,,1,,pre-surprise
150,25,1,23,1,2,2,,1,,pre-surprise
151,25,1,24,2,1,1,,1,,pre-surprise
152,25,1,25,4,1,1,,1,,pre-surprise
153,25,1,26,1,2,2,,1,,pre-surprise
154,25,1,27,3,1,1,,1,,pre-surprise
155,25,1,28,1,1,1,3.0,1,0.0,surprise
156,25,1,29,4,1,1,4.0,1,1.0,control
157,25,1,30,2,2,2,2.0,1,1.0,control
158,25,1,31,4,1,1,4.0,1,1.0,control
159,25,1,32,1,1,1,1.0,1,1.0,control
160,26,1,1,4,2,2,,1,,pre-surprise
161,26,1,2,4,2,2,,1,,pre-surprise
162,26,1,3,1,1,1,,1,,pre-surprise
163,26,1,4,4,1,1,,1,,pre-surprise
164,26,1,5,4,1,1,,1,,pre-surprise
165,26,1,6,2,1,1,,1,,pre-surprise
166,26,1,7,1,1,1,,1,,pre-surprise
167,26,1,8,3,1,1,,1,,pre-surprise
168,26,1,9,1,2,2,,1,,pre-surprise
169,26,1,10,2,2,2,,1,,pre-surprise
170,26,1,11,2,2,2,,1,,pre-surprise
171,26,1,12,4,2,2,,1,,pre-surprise
172,26,1,13,2,1,1,,1,,pre-surprise
173,26,1,14,1,2,2,,1,,pre-surprise
174,26,1,15,3,1,1,,1,,pre-surprise
175,26,1,16,1,2,2,,1,,pre-surprise
176,26,1,17,2,2,2,,1,,pre-surprise
177,26,1,18,3,2,2,,1,,pre-surprise
178,26,1,19,4,1,1,,1,,pre-surprise
179,26,1,20,2,2,2,,1,,pre-surprise
180,26,1,21,3,2,2,,1,,pre-surprise
181,26,1,22,3,2,2,,1,,pre-surprise
182,26,1,23,3,1,1,,1,,pre-surprise
183,26,1,24,4,2,2,,1,,pre-surprise
184,26,1,25,1,1,1,,1,,pre-surprise
185,26,1,26,3,1,2,,0,,pre-surprise
186,26,1,27,4,1,1,,1,,pre-surprise
187,26,1,28,1,2,2,3.0,1,0.0,surprise
188,26,1,29,3,2,2,4.0,1,0.0,control
189,26,1,30,2,1,1,2.0,1,1.0,control
190,26,1,31,2,1,1,2.0,1,1.0,control
191,26,1,32,1,1,1,1.0,1,1.0,control
192,27,1,1,3,2,2,,1,,pre-surprise
193,27,1,2,4,2,2,,1,,pre-surprise
194,27,1,3,2,1,1,,1,,pre-surprise
195,27,1,4,2,1,1,,1,,pre-surprise
196,27,1,5,2,2,2,,1,,pre-surprise
197,27,1,6,3,2,2,,1,,pre-surprise
198,27,1,7,2,1,1,,1,,pre-surprise
199,27,1,8,1,1,1,,1,,pre-surprise
200,27,1,9,2,2,2,,1,,pre-surprise
201,27,1,10,3,1,1,,1,,pre-surprise
202,27,1,11,1,2,2,,1,,pre-surprise
203,27,1,12,4,2,2,,1,,pre-surprise
204,27,1,13,1,1,1,,1,,pre-surprise
205,27,1,14,1,2,2,,1,,pre-surprise
206,27,1,15,2,2,2,,1,,pre-surprise
207,27,1,16,3,1,1,,1,,pre-surprise
208,27,1,17,1,1,1,,1,,pre-surprise
209,27,1,18,4,1,1,,1,,pre-surprise
210,27,1,19,1,2,2,,1,,pre-surprise
211,27,1,20,4,1,1,,1,,pre-surprise
212,27,1,21,3,1,1,,1,,pre-surprise
213,27,1,22,2,2,2,,1,,pre-surprise
214,27,1,23,4,1,1,,1,,pre-surprise
215,27,1,24,2,1,1,,1,,pre-surprise
216,27,1,25,4,1,1,,1,,pre-surprise
217,27,1,26,4,2,2,,1,,pre-surprise
218,27,1,27,3,1,1,,1,,pre-surprise
219,27,1,28,1,1,1,1.0,1,1.0,surprise
220,27,1,29,1,2,2,1.0,1,1.0,control
221,27,1,30,3,2,2,3.0,1,1.0,control
222,27,1,31,4,2,2,4.0,1,1.0,control
223,27,1,32,3,2,2,3.0,1,1.0,control
224,28,1,1,2,2,2,,1,,pre-surprise
225,28,1,2,1,1,1,,1,,pre-surprise
226,28,1,3,2,2,2,,1,,pre-surprise
227,28,1,4,3,2,2,,1,,pre-surprise
228,28,1,5,2,1,1,,1,,pre-surprise
229,28,1,6,1,2,2,,1,,pre-surprise
230,28,1,7,1,1,1,,1,,pre-surprise
231,28,1,8,4,1,1,,1,,pre-surprise
232,28,1,9,4,1,1,,1,,pre-surprise
233,28,1,10,4,1,1,,1,,pre-surprise
234,28,1,11,1,2,2,,1,,pre-surprise
235,28,1,12,3,1,1,,1,,pre-surprise
236,28,1,13,2,1,1,,1,,pre-surprise
237,28,1,14,3,2,2,,1,,pre-surprise
238,28,1,15,2,1,1,,1,,pre-surprise
239,28,1,16,4,2,2,,1,,pre-surprise
240,28,1,17,2,1,1,,1,,pre-surprise
241,28,1,18,1,2,2,,1,,pre-surprise
242,28,1,19,3,1,1,,1,,pre-surprise
243,28,1,20,3,2,2,,1,,pre-surprise
244,28,1,21,4,2,2,,1,,pre-surprise
245,28,1,22,2,2,2,,1,,pre-surprise
246,28,1,23,3,1,1,,1,,pre-surprise
247,28,1,24,4,1,1,,1,,pre-surprise
248,28,1,25,3,1,1,,1,,pre-surprise
249,28,1,26,2,2,2,,1,,pre-surprise
250,28,1,27,1,1,1,,1,,pre-surprise
251,28,1,28,4,2,2,2.0,1,0.0,surprise
252,28,1,29,4,2,2,4.0,1,1.0,control
253,28,1,30,1,1,1,1.0,1,1.0,control
254,28,1,31,1,2,2,1.0,1,1.0,control
255,28,1,32,3,2,2,3.0,1,1.0,control
256,29,1,1,2,1,1,,1,,pre-surprise
257,29,1,2,3,2,2,,1,,pre-surprise
258,29,1,3,4,2,2,,1,,pre-surprise
259,29,1,4,3,2,2,,1,,pre-surprise
260,29,1,5,3,2,2,,1,,pre-surprise
261,29,1,6,1,2,2,,1,,pre-surprise
262,29,1,7,2,2,1,,0,,pre-surprise
263,29,1,8,4,1,1,,1,,pre-surprise
264,29,1,9,3,1,2,,0,,pre-surprise
265,29,1,10,3,2,2,,1,,pre-surprise
266,29,1,11,2,1,1,,1,,pre-surprise
267,29,1,12,3,1,1,,1,,pre-surprise
268,29,1,13,4,1,1,,1,,pre-surprise
269,29,1,14,1,1,1,,1,,pre-surprise
270,29,1,15,3,1,1,,1,,pre-surprise
271,29,1,16,2,2,2,,1,,pre-surprise
272,29,1,17,4,2,2,,1,,pre-surprise
273,29,1,18,4,2,2,,1,,pre-surprise
274,29,1,19,1,1,1,,1,,pre-surprise
275,29,1,20,4,2,2,,1,,pre-surprise
276,29,1,21,4,1,1,,1,,pre-surprise
277,29,1,22,1,1,1,,1,,pre-surprise
278,29,1,23,1,1,1,,1,,pre-surprise
279,29,1,24,4,1,1,,1,,pre-surprise
280,29,1,25,2,1,1,,1,,pre-surprise
281,29,1,26,2,1,1,,1,,pre-surprise
282,29,1,27,3,1,1,,1,,pre-surprise
283,29,1,28,1,2,2,3.0,1,0.0,surprise
284,29,1,29,2,2,1,2.0,0,1.0,control
285,29,1,30,2,2,2,2.0,1,1.0,control
286,29,1,31,1,2,2,1.0,1,1.0,control
287,29,1,32,1,2,2,1.0,1,1.0,control
288,30,1,1,3,1,1,,1,,pre-surprise
289,30,1,2,4,1,1,,1,,pre-surprise
290,30,1,3,3,2,2,,1,,pre-surprise
291,30,1,4,4,1,1,,1,,pre-surprise
292,30,1,5,4,1,1,,1,,pre-surprise
293,30,1,6,4,2,2,,1,,pre-surprise
294,30,1,7,2,1,1,,1,,pre-surprise
295,30,1,8,2,2,2,,1,,pre-surprise
296,30,1,9,1,2,2,,1,,pre-surprise
297,30,1,10,3,1,1,,1,,pre-surprise
298,30,1,11,2,1,1,,1,,pre-surprise
299,30,1,12,4,2,2,,1,,pre-surprise
300,30,1,13,2,2,2,,1,,pre-surprise
301,30,1,14,2,1,1,,1,,pre-surprise
302,30,1,15,4,2,2,,1,,pre-surprise
303,30,1,16,1,2,2,,1,,pre-surprise
304,30,1,17,2,2,2,,1,,pre-surprise
305,30,1,18,3,1,1,,1,,pre-surprise
306,30,1,19,4,1,1,,1,,pre-surprise
307,30,1,20,3,2,2,,1,,pre-surprise
308,30,1,21,1,1,1,,1,,pre-surprise
309,30,1,22,1,1,1,,1,,pre-surprise
310,30,1,23,1,2,2,,1,,pre-surprise
311,30,1,24,2,2,2,,1,,pre-surprise
312,30,1,25,2,1,1,,1,,pre-surprise
313,30,1,26,1,1,1,,1,,pre-surprise
314,30,1,27,3,2,2,,1,,pre-surprise
315,30,1,28,3,1,1,3.0,1,1.0,surprise
316,30,1,29,4,2,2,4.0,1,1.0,control
317,30,1,30,1,1,1,1.0,1,1.0,control
318,30,1,31,3,2,2,3.0,1,1.0,control
319,30,1,32,1,2,2,1.0,1,1.0,control
320,31,1,1,4,2,2,,1,,pre-surprise
321,31,1,2,2,1,1,,1,,pre-surprise
322,31,1,3,4,2,2,,1,,pre-surprise
323,31,1,4,4,1,1,,1,,pre-surprise
324,31,1,5,1,2,2,,1,,pre-surprise
325,31,1,6,4,2,1,,0,,pre-surprise
326,31,1,7,2,1,1,,1,,pre-surprise
327,31,1,8,2,2,2,,1,,pre-surprise
328,31,1,9,1,2,2,,1,,pre-surprise
329,31,1,10,4,2,2,,1,,pre-surprise
330,31,1,11,1,1,2,,0,,pre-surprise
331,31,1,12,1,1,1,,1,,pre-surprise
332,31,1,13,1,1,1,,1,,pre-surprise
333,31,1,14,2,2,2,,1,,pre-surprise
334,31,1,15,1,1,1,,1,,pre-surprise
335,31,1,16,4,1,2,,0,,pre-surprise
336,31,1,17,3,2,1,,0,,pre-surprise
337,31,1,18,3,1,1,,1,,pre-surprise
338,31,1,19,3,2,1,,0,,pre-surprise
339,31,1,20,4,1,1,,1,,pre-surprise
340,31,1,21,3,1,1,,1,,pre-surprise
341,31,1,22,3,1,1,,1,,pre-surprise
342,31,1,23,2,2,2,,1,,pre-surprise
343,31,1,24,1,2,2,,1,,pre-surprise
344,31,1,25,3,1,1,,1,,pre-surprise
345,31,1,26,1,2,1,,0,,pre-surprise
346,31,1,27,3,2,2,,1,,pre-surprise
347,31,1,28,4,1,1,4.0,1,1.0,surprise
348,31,1,29,2,2,2,2.0,1,1.0,control
349,31,1,30,3,2,2,3.0,1,1.0,control
350,31,1,31,2,1,1,2.0,1,1.0,control
351,31,1,32,2,1,1,2.0,1,1.0,control
352,32,1,1,4,1,1,,1,,pre-surprise
353,32,1,2,1,2,2,,1,,pre-surprise
354,32,1,3,2,2,2,,1,,pre-surprise
355,32,1,4,4,2,2,,1,,pre-surprise
356,32,1,5,4,2,2,,1,,pre-surprise
357,32,1,6,1,2,2,,1,,pre-surprise
358,32,1,7,1,1,1,,1,,pre-surprise
359,32,1,8,3,1,2,,0,,pre-surprise
360,32,1,9,3,1,1,,1,,pre-surprise
361,32,1,10,3,1,1,,1,,pre-surprise
362,32,1,11,3,2,2,,1,,pre-surprise
363,32,1,12,3,2,2,,1,,pre-surprise
364,32,1,13,3,2,2,,1,,pre-surprise
365,32,1,14,2,1,1,,1,,pre-surprise
366,32,1,15,2,1,1,,1,,pre-surprise
367,32,1,16,1,2,2,,1,,pre-surprise
368,32,1,17,2,2,2,,1,,pre-surprise
369,32,1,18,1,1,1,,1,,pre-surprise
370,32,1,19,1,1,1,,1,,pre-surprise
371,32,1,20,3,2,2,,1,,pre-surprise
372,32,1,21,2,2,2,,1,,pre-surprise
373,32,1,22,2,2,2,,1,,pre-surprise
374,32,1,23,3,1,1,,1,,pre-surprise
375,32,1,24,4,2,2,,1,,pre-surprise
376,32,1,25,1,2,2,,1,,pre-surprise
377,32,1,26,4,2,2,,1,,pre-surprise
378,32,1,27,2,1,1,,1,,pre-surprise
379,32,1,28,2,1,1,2.0,1,1.0,surprise
380,32,1,29,1,1,1,1.0,1,1.0,control
381,32,1,30,4,1,1,4.0,1,1.0,control
382,32,1,31,4,1,1,4.0,1,1.0,control
383,32,1,32,4,1,1,4.0,1,1.0,control
384,33,1,1,4,2,2,,1,,pre-surprise
385,33,1,2,3,1,1,,1,,pre-surprise
386,33,1,3,3,1,1,,1,,pre-surprise
387,33,1,4,2,2,2,,1,,pre-surprise
388,33,1,5,3,2,2,,1,,pre-surprise
389,33,1,6,1,1,1,,1,,pre-surprise
390,33,1,7,3,2,2,,1,,pre-surprise
391,33,1,8,3,1,1,,1,,pre-surprise
392,33,1,9,4,1,1,,1,,pre-surprise
393,33,1,10,3,2,2,,1,,pre-surprise
394,33,1,11,3,2,2,,1,,pre-surprise
395,33,1,12,1,1,1,,1,,pre-surprise
396,33,1,13,1,2,2,,1,,pre-surprise
397,33,1,14,1,1,1,,1,,pre-surprise
398,33,1,15,3,1,1,,1,,pre-surprise
399,33,1,16,4,1,1,,1,,pre-surprise
400,33,1,17,1,2,2,,1,,pre-surprise
401,33,1,18,4,2,2,,1,,pre-surprise
402,33,1,19,1,2,2,,1,,pre-surprise
403,33,1,20,2,2,2,,1,,pre-surprise
404,33,1,21,2,2,2,,1,,pre-surprise
405,33,1,22,4,1,1,,1,,pre-surprise
406,33,1,23,2,1,1,,1,,pre-surprise
407,33,1,24,2,1,1,,1,,pre-surprise
408,33,1,25,4,2,2,,1,,pre-surprise
409,33,1,26,1,2,2,,1,,pre-surprise
410,33,1,27,4,2,2,,1,,pre-surprise
411,33,1,28,2,1,1,4.0,1,0.0,surprise
412,33,1,29,4,1,1,4.0,1,1.0,control
413,33,1,30,2,2,2,2.0,1,1.0,control
414,33,1,31,2,1,1,2.0,1,1.0,control
415,33,1,32,1,1,1,1.0,1,1.0,control
416,34,1,1,2,1,1,,1,,pre-surprise
417,34,1,2,3,2,2,,1,,pre-surprise
418,34,1,3,4,1,1,,1,,pre-surprise
419,34,1,4,2,2,2,,1,,pre-surprise
420,34,1,5,4,2,2,,1,,pre-surprise
421,34,1,6,1,1,1,,1,,pre-surprise
422,34,1,7,1,1,1,,1,,pre-surprise
423,34,1,8,3,2,2,,1,,pre-surprise
424,34,1,9,1,2,2,,1,,pre-surprise
425,34,1,10,1,1,1,,1,,pre-surprise
426,34,1,11,4,1,1,,1,,pre-surprise
427,34,1,12,2,2,2,,1,,pre-surprise
428,34,1,13,2,1,1,,1,,pre-surprise
429,34,1,14,1,2,2,,1,,pre-surprise
430,34,1,15,4,2,2,,1,,pre-surprise
431,34,1,16,2,2,2,,1,,pre-surprise
432,34,1,17,4,1,1,,1,,pre-surprise
433,34,1,18,3,1,1,,1,,pre-surprise
434,34,1,19,3,1,1,,1,,pre-surprise
435,34,1,20,4,2,2,,1,,pre-surprise
436,34,1,21,1,2,2,,1,,pre-surprise
437,34,1,22,2,1,1,,1,,pre-surprise
438,34,1,23,3,2,2,,1,,pre-surprise
439,34,1,24,4,2,2,,1,,pre-surprise
440,34,1,25,3,2,2,,1,,pre-surprise
441,34,1,26,3,1,1,,1,,pre-surprise
442,34,1,27,2,1,1,,1,,pre-surprise
443,34,1,28,3,1,1,4.0,1,0.0,surprise
444,34,1,29,1,2,2,1.0,1,1.0,control
445,34,1,30,4,1,1,4.0,1,1.0,control
446,34,1,31,2,2,2,2.0,1,1.0,control
447,34,1,32,1,1,1,1.0,1,1.0,control
448,35,1,1,1,2,2,,1,,pre-surprise
449,35,1,2,1,1,1,,1,,pre-surprise
450,35,1,3,1,2,2,,1,,pre-surprise
451,35,1,4,4,2,2,,1,,pre-surprise
452,35,1,5,2,1,1,,1,,pre-surprise
453,35,1,6,2,2,2,,1,,pre-surprise
454,35,1,7,2,2,2,,1,,pre-surprise
455,35,1,8,4,1,1,,1,,pre-surprise
456,35,1,9,2,1,1,,1,,pre-surprise
457,35,1,10,4,2,2,,1,,pre-surprise
458,35,1,11,3,1,1,,1,,pre-surprise
459,35,1,12,3,1,1,,1,,pre-surprise
460,35,1,13,1,2,2,,1,,pre-surprise
461,35,1,14,4,2,2,,1,,pre-surprise
462,35,1,15,3,1,1,,1,,pre-surprise
463,35,1,16,2,1,1,,1,,pre-surprise
464,35,1,17,1,1,1,,1,,pre-surprise
465,35,1,18,2,2,2,,1,,pre-surprise
466,35,1,19,3,2,2,,1,,pre-surprise
467,35,1,20,4,1,1,,1,,pre-surprise
468,35,1,21,2,1,1,,1,,pre-surprise
469,35,1,22,1,1,1,,1,,pre-surprise
470,35,1,23,4,1,1,,1,,pre-surprise
471,35,1,24,3,2,2,,1,,pre-surprise
472,35,1,25,4,1,1,,1,,pre-surprise
473,35,1,26,3,1,1,,1,,pre-surprise
474,35,1,27,1,2,2,,1,,pre-surprise
475,35,1,28,3,2,1,3.0,0,1.0,surprise
476,35,1,29,2,2,2,2.0,1,1.0,control
477,35,1,30,1,1,1,1.0,1,1.0,control
478,35,1,31,4,2,2,4.0,1,1.0,control
479,35,1,32,3,2,2,3.0,1,1.0,control
480,37,1,1,2,1,1,,1,,pre-surprise
481,37,1,2,4,2,2,,1,,pre-surprise
482,37,1,3,3,1,2,,0,,pre-surprise
483,37,1,4,1,2,2,,1,,pre-surprise
484,37,1,5,3,2,2,,1,,pre-surprise
485,37,1,6,4,1,1,,1,,pre-surprise
486,37,1,7,4,1,1,,1,,pre-surprise
487,37,1,8,1,1,1,,1,,pre-surprise
488,37,1,9,2,1,1,,1,,pre-surprise
489,37,1,10,1,1,2,,0,,pre-surprise
490,37,1,11,2,2,2,,1,,pre-surprise
491,37,1,12,3,1,1,,1,,pre-surprise
492,37,1,13,3,1,1,,1,,pre-surprise
493,37,1,14,2,2,2,,1,,pre-surprise
494,37,1,15,2,2,1,,0,,pre-surprise
495,37,1,16,1,2,2,,1,,pre-surprise
496,37,1,17,1,2,2,,1,,pre-surprise
497,37,1,18,1,1,1,,1,,pre-surprise
498,37,1,19,3,2,2,,1,,pre-surprise
499,37,1,20,4,2,2,,1,,pre-surprise
500,37,1,21,2,2,2,,1,,pre-surprise
501,37,1,22,4,1,1,,1,,pre-surprise
502,37,1,23,4,2,2,,1,,pre-surprise
503,37,1,24,3,1,1,,1,,pre-surprise
504,37,1,25,4,1,2,,0,,pre-surprise
505,37,1,26,1,2,2,,1,,pre-surprise
506,37,1,27,4,2,2,,1,,pre-surprise
507,37,1,28,2,1,1,3.0,1,0.0,surprise
508,37,1,29,2,1,1,2.0,1,1.0,control
509,37,1,30,1,1,1,1.0,1,1.0,control
510,37,1,31,3,2,2,3.0,1,1.0,control
511,37,1,32,3,2,2,3.0,1,1.0,control
512,38,1,1,2,2,2,,1,,pre-surprise
513,38,1,2,2,1,1,,1,,pre-surprise
514,38,1,3,1,1,1,,1,,pre-surprise
515,38,1,4,3,1,1,,1,,pre-surprise
516,38,1,5,4,2,2,,1,,pre-surprise
517,38,1,6,1,1,1,,1,,pre-surprise
518,38,1,7,4,1,1,,1,,pre-surprise
519,38,1,8,3,2,2,,1,,pre-surprise
520,38,1,9,4,1,1,,1,,pre-surprise
521,38,1,10,1,2,2,,1,,pre-surprise
522,38,1,11,2,2,2,,1,,pre-surprise
523,38,1,12,4,1,1,,1,,pre-surprise
524,38,1,13,4,2,2,,1,,pre-surprise
525,38,1,14,4,2,2,,1,,pre-surprise
526,38,1,15,3,2,2,,1,,pre-surprise
527,38,1,16,1,2,2,,1,,pre-surprise
528,38,1,17,2,1,1,,1,,pre-surprise
529,38,1,18,1,2,2,,1,,pre-surprise
530,38,1,19,3,1,1,,1,,pre-surprise
531,38,1,20,3,1,1,,1,,pre-surprise
532,38,1,21,1,1,1,,1,,pre-surprise
533,38,1,22,1,1,1,,1,,pre-surprise
534,38,1,23,2,2,2,,1,,pre-surprise
535,38,1,24,4,2,2,,1,,pre-surprise
536,38,1,25,2,1,1,,1,,pre-surprise
537,38,1,26,2,2,2,,1,,pre-surprise
538,38,1,27,3,2,2,,1,,pre-surprise
539,38,1,28,3,1,1,3.0,1,1.0,surprise
540,38,1,29,3,2,2,3.0,1,1.0,control
541,38,1,30,2,1,1,2.0,1,1.0,control
542,38,1,31,4,1,1,4.0,1,1.0,control
543,38,1,32,1,2,2,1.0,1,1.0,control
544,39,1,1,4,2,2,,1,,pre-surprise
545,39,1,2,3,1,1,,1,,pre-surprise
546,39,1,3,1,2,2,,1,,pre-surprise
547,39,1,4,1,1,1,,1,,pre-surprise
548,39,1,5,1,1,1,,1,,pre-surprise
549,39,1,6,2,1,1,,1,,pre-surprise
550,39,1,7,4,2,2,,1,,pre-surprise
551,39,1,8,2,1,1,,1,,pre-surprise
552,39,1,9,4,1,1,,1,,pre-surprise
553,39,1,10,3,2,2,,1,,pre-surprise
554,39,1,11,4,2,2,,1,,pre-surprise
555,39,1,12,2,2,2,,1,,pre-surprise
556,39,1,13,3,1,1,,1,,pre-surprise
557,39,1,14,1,2,2,,1,,pre-surprise
558,39,1,15,1,1,1,,1,,pre-surprise
559,39,1,16,2,2,2,,1,,pre-surprise
560,39,1,17,3,2,2,,1,,pre-surprise
561,39,1,18,3,1,1,,1,,pre-surprise
562,39,1,19,2,2,2,,1,,pre-surprise
563,39,1,20,3,1,1,,1,,pre-surprise
564,39,1,21,2,2,2,,1,,pre-surprise
565,39,1,22,4,2,2,,1,,pre-surprise
566,39,1,23,4,1,1,,1,,pre-surprise
567,39,1,24,1,2,2,,1,,pre-surprise
568,39,1,25,3,2,2,,1,,pre-surprise
569,39,1,26,1,2,2,,1,,pre-surprise
570,39,1,27,1,1,1,,1,,pre-surprise
571,39,1,28,3,2,2,2.0,1,0.0,surprise
572,39,1,29,4,1,1,4.0,1,1.0,control
573,39,1,30,4,1,1,4.0,1,1.0,control
574,39,1,31,2,1,1,2.0,1,1.0,control
575,39,1,32,2,1,1,2.0,1,1.0,control
576,40,1,1,4,1,1,,1,,pre-surprise
577,40,1,2,4,2,2,,1,,pre-surprise
578,40,1,3,3,1,1,,1,,pre-surprise
579,40,1,4,4,1,1,,1,,pre-surprise
580,40,1,5,2,2,2,,1,,pre-surprise
581,40,1,6,3,1,1,,1,,pre-surprise
582,40,1,7,4,2,2,,1,,pre-surprise
583,40,1,8,2,2,2,,1,,pre-surprise
584,40,1,9,1,2,2,,1,,pre-surprise
585,40,1,10,1,1,1,,1,,pre-surprise
586,40,1,11,3,1,1,,1,,pre-surprise
587,40,1,12,3,1,1,,1,,pre-surprise
588,40,1,13,2,2,2,,1,,pre-surprise
589,40,1,14,4,2,2,,1,,pre-surprise
590,40,1,15,3,2,2,,1,,pre-surprise
591,40,1,16,1,1,1,,1,,pre-surprise
592,40,1,17,2,2,2,,1,,pre-surprise
593,40,1,18,1,2,2,,1,,pre-surprise
594,40,1,19,1,1,1,,1,,pre-surprise
595,40,1,20,2,1,1,,1,,pre-surprise
596,40,1,21,3,2,2,,1,,pre-surprise
597,40,1,22,3,2,1,,0,,pre-surprise
598,40,1,23,4,2,2,,1,,pre-surprise
599,40,1,24,4,1,1,,1,,pre-surprise
600,40,1,25,2,1,1,,1,,pre-surprise
601,40,1,26,2,1,1,,1,,pre-surprise
602,40,1,27,1,1,1,,1,,pre-surprise
603,40,1,28,3,2,2,1.0,1,0.0,surprise
604,40,1,29,2,1,1,2.0,1,1.0,control
605,40,1,30,1,2,2,1.0,1,1.0,control
606,40,1,31,4,1,1,4.0,1,1.0,control
607,40,1,32,1,2,2,1.0,1,1.0,control
608,41,1,1,3,2,2,,1,,pre-surprise
609,41,1,2,2,1,1,,1,,pre-surprise
610,41,1,3,1,1,1,,1,,pre-surprise
611,41,1,4,3,1,1,,1,,pre-surprise
612,41,1,5,2,2,2,,1,,pre-surprise
613,41,1,6,2,2,2,,1,,pre-surprise
614,41,1,7,2,1,1,,1,,pre-surprise
615,41,1,8,1,2,2,,1,,pre-surprise
616,41,1,9,3,2,2,,1,,pre-surprise
617,41,1,10,1,1,1,,1,,pre-surprise
618,41,1,11,2,1,1,,1,,pre-surprise
619,41,1,12,4,1,1,,1,,pre-surprise
620,41,1,13,3,1,1,,1,,pre-surprise
621,41,1,14,2,1,1,,1,,pre-surprise
622,41,1,15,3,2,2,,1,,pre-surprise
623,41,1,16,4,2,2,,1,,pre-surprise
624,41,1,17,3,2,2,,1,,pre-surprise
625,41,1,18,3,1,1,,1,,pre-surprise
626,41,1,19,1,2,2,,1,,pre-surprise
627,41,1,20,2,2,2,,1,,pre-surprise
628,41,1,21,3,1,1,,1,,pre-surprise
629,41,1,22,1,2,2,,1,,pre-surprise
630,41,1,23,1,1,1,,1,,pre-surprise
631,41,1,24,4,2,2,,1,,pre-surprise
632,41,1,25,4,1,1,,1,,pre-surprise
633,41,1,26,2,2,2,,1,,pre-surprise
634,41,1,27,1,1,1,,1,,pre-surprise
635,41,1,28,4,2,2,3.0,1,0.0,surprise
636,41,1,29,1,2,2,1.0,1,1.0,control
637,41,1,30,4,1,1,4.0,1,1.0,control
638,41,1,31,4,2,1,4.0,0,1.0,control
639,41,1,32,4,1,1,4.0,1,1.0,control
